{"cameraMode":{"drawMode":0,"name":"Shaded","section":"Shading Mode"},"sceneLighting":false,"audioPlay":false,"sceneViewState":{"showFog":true,"showMaterialUpdate":false,"showSkybox":false,"showFlares":true,"showImageEffects":true,"showParticleSystems":true},"in2DMode":false,"pivot":{"x":0.38999998569488528,"y":-2.990000009536743,"z":0.0},"rotation":{"x":0.007493799086660147,"y":0.040487758815288547,"z":0.0003036589187104255,"w":-0.9991519451141357},"size":1.337721824645996,"orthographic":true}